time,latitude,longitude,depth,mag,magType,nst,gap,dmin,rms,net,id,updated,place,type,horizontalError,depthError,magError,magNst,status,locationSource,magSource
2018-07-16T12:20:48.150Z,36.2748,-97.511,1.22,2.9,mb_lg,,26,0.206,0.17,us,us2000g653,2018-07-17T00:53:24.237Z,"20km W of Perry, Oklahoma",earthquake,1,0.8,0.054,88,reviewed,us,us
2018-07-16T11:02:23.200Z,46.6233333,-120.52,14.73,2.53,ml,15,113,0.09715,0.2,uw,uw61409041,2018-07-16T14:30:00.000Z,"2km NNW of Yakima, Washington",earthquake,0.57,1.36,0.038,3,reviewed,uw,uw
2018-07-16T01:15:17.630Z,40.3746681,-124.5059967,20.79,2.51,md,15,283,0.1634,0.14,nc,nc73046751,2018-07-16T02:40:25.419Z,"20km WNW of Petrolia, CA",earthquake,3.79,0.51,0.12,6,automatic,nc,nc
2018-07-16T01:00:07.030Z,41.3289,-100.0747,5,2.8,mb_lg,,66,1.387,0.63,us,us2000g5uf,2018-07-16T22:50:03.179Z,"37km WSW of Broken Bow, Nebraska",earthquake,4,2,0.05,104,reviewed,us,us
2018-07-15T19:23:40.520Z,38.681,-122.738,5.8,2.78,md,77,48,0.06312,0.11,nc,nc73046671,2018-07-16T23:05:02.493Z,"11km S of The Geysers, CA",earthquake,0.13,0.35,0.149,65,reviewed,nc,nc
2018-07-15T18:52:57.750Z,37.7066667,-122.1035,5.35,2.85,ml,109,22,0.01799,0.12,nc,nc73046656,2018-07-17T09:43:46.012Z,"2km NW of Castro Valley, CA",earthquake,0.1,0.16,0.153,51,reviewed,nc,nc
2018-07-14T22:28:53.353Z,37.0699,-117.0714,7.6,2.6,ml,63,67.72,0.095,0.2031,nn,nn00644605,2018-07-15T23:06:35.496Z,"33km WNW of Beatty, Nevada",earthquake,,1.2,0.36,38,reviewed,nn,nn
2018-07-14T14:37:55.530Z,38.8221664,-122.7983322,4.59,2.54,md,14,78,0.06832,0.06,nc,nc73045616,2018-07-15T19:24:08.932Z,"6km NW of The Geysers, CA",earthquake,0.29,0.67,0.22,14,automatic,nc,nc
2018-07-14T03:51:57.890Z,44.2961667,-114.9666667,5.61,2.72,ml,11,74,0.835,0.25,mb,mb80301939,2018-07-14T13:57:20.230Z,"62km WSW of Challis, Idaho",earthquake,0.56,1.24,0.203,10,reviewed,mb,mb
2018-07-14T00:11:05.220Z,46.617,-120.5301667,16.4,2.65,ml,37,60,0.09051,0.21,uw,uw61408296,2018-07-14T00:49:17.818Z,"2km NW of Yakima, Washington",earthquake,0.39,0.63,0.129,18,reviewed,uw,uw
2018-07-13T21:00:06.400Z,31.2272,-103.5517,1.18,2.8,mb_lg,,66,0.305,0.32,us,us2000g4kt,2018-07-16T00:48:56.982Z,"22km SSW of Pecos, Texas",earthquake,2.1,2.7,0.083,51,reviewed,us,us
2018-07-13T19:40:29.080Z,40.7193333,-124.5391667,17.32,2.81,md,46,228,0.2879,0.06,nc,nc73044926,2018-07-17T11:10:44.597Z,"28km NW of Ferndale, CA",earthquake,0.36,0.3,0.141,59,reviewed,nc,nc
2018-07-13T19:09:06.870Z,39.4945,-122.9598333,12.36,2.5,md,40,42,0.1862,0.09,nc,nc73044886,2018-07-13T23:28:02.846Z,"10km N of Lake Pillsbury, CA",earthquake,0.21,0.48,0.264,42,reviewed,nc,nc
2018-07-13T18:32:18.550Z,44.2963333,-114.9536667,9.47,2.54,ml,5,130,0.831,0.2,mb,mb80301864,2018-07-13T20:31:13.860Z,"61km WSW of Challis, Idaho",earthquake,0.65,2.82,0.199,7,reviewed,mb,mb
2018-07-13T18:07:45.210Z,44.2815,-114.9911,5,2.6,ml,,66,0.831,1.13,us,us2000g4ia,2018-07-14T15:33:53.040Z,"65km WSW of Challis, Idaho",earthquake,2.2,1.9,0.043,72,reviewed,us,us
2018-07-13T18:04:54.640Z,44.301,-114.9693,5,3.2,ml,,64,0.84,1.06,us,us2000g4dj,2018-07-14T17:20:08.906Z,"62km WSW of Challis, Idaho",earthquake,3,1.9,0.034,114,reviewed,us,us
2018-07-13T17:24:55.410Z,44.2945,-114.9686667,4.94,2.67,ml,13,74,0.834,0.35,mb,mb80301799,2018-07-13T19:58:02.310Z,"63km WSW of Challis, Idaho",earthquake,0.69,1.64,0.239,18,reviewed,mb,mb
2018-07-13T17:12:03.650Z,44.3021667,-114.9493333,5.41,2.5,ml,7,90,0.835,0.23,mb,mb80301794,2018-07-13T19:49:23.510Z,"61km WSW of Challis, Idaho",earthquake,0.71,2.06,0.049,5,reviewed,mb,mb
2018-07-13T09:33:22.010Z,31.3829,-103.5092,1.6,2.5,mb_lg,,59,0.306,0.55,us,us2000g3uf,2018-07-13T16:01:07.985Z,"4km SSW of Pecos, Texas",earthquake,1.4,7.1,0.082,39,reviewed,us,us
2018-07-13T08:50:41.350Z,46.6116667,-120.5318333,16.46,2.56,ml,31,93,0.08518,0.19,uw,uw61408031,2018-07-13T21:57:46.350Z,"2km WNW of Yakima, Washington",earthquake,0.44,0.83,0.138,12,reviewed,uw,uw
2018-07-13T07:44:22.450Z,37.56,-118.8478333,7.91,2.67,md,37,101,0.03346,0.03,nc,nc73044441,2018-07-14T02:09:03.735Z,"14km SE of Mammoth Lakes, CA",earthquake,0.21,0.43,0.112,31,reviewed,nc,nc
2018-07-13T06:06:05.240Z,36.4306,-98.7652,5,3.2,mb_lg,,56,0.051,0.44,us,us2000g3qk,2018-07-16T13:03:12.076Z,"31km NW of Fairview, Oklahoma",earthquake,1.6,1.9,0.048,114,reviewed,us,us
2018-07-12T20:24:51.000Z,33.848,-118.0003333,19.23,2.91,ml,134,25,0.04127,0.22,ci,ci38220008,2018-07-17T10:06:51.868Z,"2km S of Buena Park, CA",earthquake,0.14,0.23,0.14,212,reviewed,ci,ci
2018-07-11T13:21:25.340Z,38.0585,-112.4008333,6.5,3.12,ml,30,48,0.1718,0.33,uu,uu60288487,2018-07-13T18:59:19.429Z,"25km SW of Junction, Utah",earthquake,0.5,1.6,0.097,22,reviewed,uu,uu
2018-07-11T12:09:45.720Z,44.613,-124.3475,25.41,3,ml,17,229,0.2154,0.08,uw,uw61395262,2018-07-15T12:27:12.569Z,"24km W of Newport, Oregon",earthquake,0.41,0.53,0.242,12,reviewed,uw,uw
2018-07-10T20:07:48.600Z,27.7403,-105.6446,10,4.2,mb,,105,0.8,0.8,us,us2000g1j3,2018-07-13T20:08:15.018Z,"20km SW of Naica, Mexico",earthquake,4,1.8,0.065,66,reviewed,us,us
2018-07-10T11:56:35.760Z,36.8437,-97.7007,2.62,2.6,mb_lg,,32,0.127,0.34,us,us2000g13l,2018-07-10T13:22:03.402Z,"5km NE of Medford, Oklahoma",earthquake,1.1,2.3,0.069,55,reviewed,us,us
2018-07-10T11:08:37.420Z,34.0108333,-117.5846667,4.31,3.57,ml,199,11,0.02013,0.23,ci,ci37277082,2018-07-16T04:57:10.985Z,"6km SE of Ontario, CA",earthquake,0.1,0.3,0.176,345,reviewed,ci,ci
2018-07-10T07:18:17.410Z,36.2912,-97.5354,7.11,3.6,mb_lg,,40,0.204,0.18,us,us2000g0xg,2018-07-15T03:42:07.072Z,"22km W of Perry, Oklahoma",earthquake,1.1,2.4,0.044,137,reviewed,us,us
2018-07-10T04:30:02.680Z,39.5871667,-120.6676667,6.46,2.86,md,35,52,0.1701,0.12,nc,nc73042541,2018-07-14T02:40:15.332Z,"18km SW of Whitehawk, CA",earthquake,0.24,1.29,0.216,56,reviewed,nc,nc
2018-07-10T00:00:07.050Z,37.1251667,-121.5265,7.26,3.06,ml,89,51,0.06921,0.06,nc,nc73042391,2018-07-15T19:36:12.606Z,"9km ENE of San Martin, CA",earthquake,0.09,0.28,0.132,47,reviewed,nc,nc
2018-07-09T15:23:23.580Z,31.5751667,-115.6855,7.79,2.7,ml,9,127,0.2016,0.07,ci,ci37276546,2018-07-10T00:46:01.911Z,"85km E of Maneadero, B.C., MX",earthquake,0.22,0.79,0.096,16,reviewed,ci,ci
2018-07-09T13:20:53.700Z,36.5394,-98.9611,6.433,2.6,ml,,86,,0.25,us,us2000g0c7,2018-07-10T07:31:05.973Z,"24km ENE of Mooreland, Oklahoma",earthquake,3.1,5.2,,,reviewed,tul,tul
2018-07-09T11:11:11.550Z,33.877,-116.2025,9,2.72,ml,68,56,0.05405,0.15,ci,ci37276426,2018-07-10T11:40:47.378Z,"17km N of Indio, CA",earthquake,0.16,0.45,0.155,25,reviewed,ci,ci
2018-07-09T10:24:38.900Z,40.3973333,-124.8988333,4.89,2.65,md,50,259,0.4355,0.18,nc,nc73042161,2018-07-11T04:24:02.791Z,"53km W of Petrolia, CA",earthquake,0.64,1.09,0.17,46,reviewed,nc,nc
2018-07-09T08:33:58.150Z,38.0663333,-112.4016667,0.01,2.67,ml,24,54,0.1734,0.25,uu,uu60288267,2018-07-11T14:43:30.640Z,"26km SE of Beaver, Utah",earthquake,0.48,4.17,0.12,16,reviewed,uu,uu
2018-07-09T02:53:46.510Z,31.6636,-104.5034,5,3,ml,,69,0.966,0.34,us,us2000g01a,2018-07-10T18:17:59.259Z,"75km NNE of Van Horn, Texas",earthquake,2.6,2,0.091,48,reviewed,us,us
2018-07-08T12:18:56.900Z,36.2793,-97.5044,6.647,2.5,ml,,50,,0.17,us,us2000fztj,2018-07-16T06:20:25.040Z,"19km W of Perry, Oklahoma",earthquake,1.1,2.4,,,reviewed,tul,tul
2018-07-07T21:50:12.550Z,36.9904,-97.4976,5.2,3.2,mb_lg,,52,0.027,0.26,us,us2000fzbf,2018-07-11T20:08:25.681Z,"10km ESE of Caldwell, Kansas",earthquake,1.7,3.3,0.049,108,reviewed,us,us
2018-07-07T15:37:03.560Z,34.8028333,-116.2788333,3.14,3.55,ml,38,60,0.05327,0.16,ci,ci37275802,2018-07-10T00:14:26.969Z,"14km NW of Ludlow, CA",earthquake,0.15,0.55,0.155,316,reviewed,ci,ci
2018-07-07T12:51:42.122Z,41.2208,-116.2746,4.1,3.3,ml,21,132.47,0.217,0.1143,nn,nn00643364,2018-07-13T09:15:28.040Z,"58km NNW of Carlin, Nevada",earthquake,,2,0.12,13,reviewed,nn,nn
2018-07-06T17:30:31.640Z,45.3703,-112.0948,10.32,2.8,ml,,41,0.398,1.3,us,us2000fyer,2018-07-06T21:17:50.220Z,"14km NW of Virginia City, Montana",earthquake,3.5,11.1,0.049,54,reviewed,us,us
2018-07-06T16:26:03.346Z,37.1583,-117.3757,12.2,2.5,ml,43,43.22,0.163,0.1953,nn,nn00643206,2018-07-12T17:11:41.062Z,"61km WNW of Beatty, Nevada",earthquake,,0.7,0.23,25,reviewed,nn,nn
2018-07-06T09:29:42.500Z,34.742,-87.6756667,8.16,2.79,md,13,49,0.3979,0.12,se,se60058923,2018-07-08T04:52:21.376Z,"0km WSW of Muscle Shoals, Alabama",earthquake,0.41,1,0.051,10,reviewed,se,se
2018-07-06T03:34:02.690Z,31.6096667,-116.028,7.35,2.59,ml,15,187,0.3013,0.1,ci,ci37275146,2018-07-06T18:22:45.469Z,"52km ESE of Maneadero, B.C., MX",earthquake,0.32,0.68,0.16,20,reviewed,ci,ci
2018-07-05T18:57:51.620Z,32.9556667,-116.326,9.98,2.59,ml,77,55,0.1029,0.19,ci,ci37274930,2018-07-06T06:52:39.083Z,"24km NE of Pine Valley, CA",earthquake,0.15,0.5,0.156,25,reviewed,ci,ci
2018-07-05T15:48:52.770Z,35.0255,-119.0661667,9.38,2.82,ml,64,44,0.1467,0.26,ci,ci37274834,2018-07-09T16:18:07.231Z,"15km NW of Grapevine, CA",earthquake,0.22,0.63,0.157,24,reviewed,ci,ci
2018-07-05T15:17:36.947Z,35.8945,-115.7758,8.6,4.5,ml,59,40.27,0.303,0.2678,nn,nn00642964,2018-07-16T20:03:59.779Z,"15km WNW of Sandy Valley, Nevada",earthquake,,1.3,0.33,17,reviewed,nn,nn
2018-07-05T10:04:00.760Z,41.22,-100.052,5,2.7,mb_lg,,77,1.444,0.76,us,us2000fxaz,2018-07-05T13:09:32.792Z,"33km NNE of Gothenburg, Nebraska",earthquake,2.9,1.6,0.193,7,reviewed,us,us
2018-07-05T01:09:30.890Z,44.3715,-110.4275,11.11,2.5,ml,21,112,0.08536,0.18,uu,uu60287717,2018-07-05T15:06:09.630Z,"33km ESE of Old Faithful Geyser, Wyoming",earthquake,0.4,0.6,0.067,3,reviewed,uu,uu
2018-07-04T12:02:03.960Z,36.2097,-98.4729,5,2.5,mb_lg,,59,0.223,0.22,us,us2000fwt6,2018-07-04T12:19:23.040Z,"6km S of Fairview, Oklahoma",earthquake,1.2,1.9,0.081,40,reviewed,us,us
2018-07-04T00:44:59.940Z,35.982,-117.9696667,4.13,2.54,ml,34,87,0.06922,0.1,ci,ci37274274,2018-07-05T21:15:01.040Z,"7km SSW of Coso Junction, CA",earthquake,0.13,0.33,0.216,25,reviewed,ci,ci
2018-07-03T22:10:38.970Z,32.0171667,-114.9836667,19.11,3.07,ml,19,259,0.2955,0.3,ci,ci37274218,2018-07-05T21:57:09.250Z,"20km S of Estacion Coahuila, B.C., MX",earthquake,1.09,0.88,0.27,64,reviewed,ci,ci
2018-07-03T21:16:08.840Z,36.9884,-104.865,5.93,3.2,ml,,52,0.148,0.53,us,us2000fwa5,2018-07-07T22:58:26.032Z,"38km WSW of Trinidad, Colorado",earthquake,2.1,1.8,0.081,24,reviewed,us,us
2018-07-03T20:15:21.230Z,41.387,-100.1281,1.08,3.6,mwr,,41,1.342,0.74,us,us2000fw8c,2018-07-05T17:23:31.593Z,"33km ESE of Stapleton, Nebraska",earthquake,4.9,8,0.083,14,reviewed,us,us
2018-07-03T16:28:14.200Z,36.2164,-97.5626,5.09,2.8,ml,,23,,0.32,us,us2000fw01,2018-07-03T17:46:47.040Z,"25km WSW of Perry, Oklahoma",earthquake,1.5,7.4,,,reviewed,tul,tul
2018-07-03T13:07:07.200Z,31.6073,-104.5128,5,2.5,mb_lg,,83,0.522,0.5,us,us2000fvux,2018-07-03T13:46:53.040Z,"69km NNE of Van Horn, Texas",earthquake,1.6,2,0.117,24,reviewed,us,us
2018-07-03T12:19:44.260Z,42.6134,-111.586,3.19,2.8,ml,,39,0.045,0.68,us,us2000fvth,2018-07-03T16:40:34.243Z,"4km SSE of Soda Springs, Idaho",earthquake,4.6,5,0.04,84,reviewed,us,us
2018-07-03T07:45:17.560Z,40.6204,-106.4142,1.74,2.6,ml,,76,0.45,0.65,us,us2000fvk0,2018-07-14T11:48:25.040Z,"16km SW of Walden, Colorado",earthquake,1.9,2.4,0.045,66,reviewed,us,us
2018-07-02T21:43:48.590Z,41.3517,-100.1282,5,2.7,mb_lg,,62,1.376,0.69,us,us2000fv4p,2018-07-16T01:01:07.428Z,"35km ESE of Stapleton, Nebraska",earthquake,2.2,2,0.068,57,reviewed,us,us
2018-07-02T21:08:51.500Z,35.8906,-97.2822,6.136,3.5,ml,,41,,0.25,us,us2000fv2v,2018-07-13T02:00:15.510Z,"6km SSW of Langston, Oklahoma",earthquake,1.1,2.5,,,reviewed,tul,tul
2018-07-02T19:53:55.460Z,38.3465,-122.6291667,6.92,2.9,md,99,41,0.04034,0.13,nc,nc73039516,2018-07-10T04:59:54.201Z,"6km NNE of Penngrove, CA",earthquake,0.11,0.23,0.201,86,reviewed,nc,nc
2018-07-02T19:03:13.970Z,45.7191,-112.1629,13.39,3.3,ml,,71,0.393,0.63,us,us2000fuw5,2018-07-09T13:12:59.324Z,"17km SSW of Whitehall, Montana",earthquake,3.5,10.2,0.053,46,reviewed,us,us
2018-07-02T17:20:41.970Z,37.3275,-97.9902,7.35,2.5,mb_lg,,136,0.03,0.36,us,us2000fu3t,2018-07-09T13:04:31.040Z,"5km NE of Harper, Kansas",earthquake,1.9,6.4,0.074,47,reviewed,us,us
2018-07-02T16:25:52.250Z,41.404,-100.1756,5,3.8,mb_lg,,114,1.336,0.4,us,us2000fu0i,2018-07-09T14:03:37.629Z,"29km ESE of Stapleton, Nebraska",earthquake,4.2,2,0.046,124,reviewed,us,us
2018-07-02T12:28:04.200Z,35.9739,-97.7967,5.676,3,ml,,17,,0.2,us,us2000ftxu,2018-07-14T12:24:51.496Z,"17km NE of Kingfisher, Oklahoma",earthquake,0.7,3.2,,,reviewed,tul,tul
2018-07-02T02:58:26.500Z,35.3793,-98.1105,7.138,2.7,ml,,105,,0.57,us,us2000ftib,2018-07-13T00:37:14.694Z,"15km W of Union City, Oklahoma",earthquake,1,3.6,,,reviewed,tul,tul
2018-07-02T00:48:15.500Z,36.3652,-98.1929,6.197,2.6,ml,,39,,0.26,us,us2000fteu,2018-07-16T04:50:38.876Z,"21km SSE of Helena, Oklahoma",earthquake,1.2,4.1,,,reviewed,tul,tul
2018-07-02T00:17:23.190Z,28.9625,-97.8803,5,2.8,mb_lg,,89,0.124,0.81,us,us2000fte5,2018-07-10T05:19:56.044Z,"8km NNE of Karnes City, Texas",earthquake,5.3,2,0.102,63,reviewed,us,us
2018-07-02T00:03:12.700Z,36.7628,-98.0658,6.792,3.1,ml,,38,,0.29,us,us2000fte1,2018-07-16T02:59:14.040Z,"25km E of Cherokee, Oklahoma",earthquake,1.5,4.6,,,reviewed,tul,tul
2018-07-01T21:58:27.640Z,43.622,-108.3593333,4.47,2.91,ml,17,101,1.225,0.31,mb,mb80300064,2018-07-02T20:19:37.442Z,"12km WSW of Thermopolis, Wyoming",earthquake,0.92,2.49,0.437,15,reviewed,mb,mb
2018-07-01T08:42:00.100Z,41.3575,-100.1252,5,3.9,mwr,,60,1.37,0.27,us,us2000fsv1,2018-07-02T22:29:47.083Z,"35km ESE of Stapleton, Nebraska",earthquake,4.1,2,0.071,19,reviewed,us,us
2018-07-01T08:12:17.620Z,41.3791,-100.0948,2.63,3.7,mwr,,60,1.343,0.88,us,us2000fsuc,2018-07-02T22:45:05.832Z,"36km ESE of Stapleton, Nebraska",earthquake,5.8,8.5,0.06,27,reviewed,us,us
2018-07-01T07:49:53.250Z,41.3742,-100.1389,10,2.7,mb_lg,,41,1.356,0.91,us,us2000fsu7,2018-07-01T08:56:55.880Z,"33km ESE of Stapleton, Nebraska",earthquake,5.7,2,0.063,65,reviewed,us,us
2018-07-01T05:44:28.400Z,36.467,-121.0345,2.48,2.78,md,66,105,0.04401,0.11,nc,nc73038461,2018-07-02T16:31:02.837Z,"12km SE of Pinnacles, CA",earthquake,0.16,0.37,0.225,82,reviewed,nc,nc
2018-07-01T02:58:14.200Z,35.8891,-97.2831,6.283,3.2,ml,,28,,0.23,us,us2000ftb2,2018-07-10T05:13:18.449Z,"6km SSW of Langston, Oklahoma",earthquake,1.1,1.9,,,reviewed,tul,tul
2018-06-30T16:35:51.270Z,35.8836,-97.2762,5.75,2.6,mb_lg,,29,0.169,0.18,us,us2000fscs,2018-06-30T19:41:57.565Z,"7km SSW of Langston, Oklahoma",earthquake,1.2,3.6,0.068,56,reviewed,us,us
2018-06-30T16:15:50.680Z,35.8843,-97.2785,4.98,2.9,mb_lg,,31,0.167,0.13,us,us2000fscb,2018-07-01T11:44:43.127Z,"7km SSW of Langston, Oklahoma",earthquake,0.8,5,0.049,109,reviewed,us,us
2018-06-30T08:51:43.220Z,34.9408333,-116.6573333,9.25,2.54,ml,30,36,0.1291,0.15,ci,ci37272282,2018-07-02T17:14:46.860Z,"34km E of Barstow, CA",earthquake,0.16,0.53,0.133,93,reviewed,ci,ci
2018-06-30T08:14:15.030Z,34.942,-116.6586667,8.18,3.07,ml,32,36,0.1283,0.15,ci,ci37272234,2018-07-02T14:40:37.430Z,"34km E of Barstow, CA",earthquake,0.16,0.6,0.152,282,reviewed,ci,ci
2018-06-30T06:44:01.120Z,34.9408333,-116.6601667,9.44,3.13,ml,32,36,0.1298,0.15,ci,ci37272194,2018-07-02T14:23:55.150Z,"33km E of Barstow, CA",earthquake,0.15,0.46,0.123,288,reviewed,ci,ci
2018-06-30T06:28:14.200Z,35.4031,-98.0929,5,2.9,mb_lg,,76,0.185,0.31,us,us2000fs0u,2018-06-30T06:38:50.040Z,"13km W of Union City, Oklahoma",earthquake,1,1.9,0.048,115,reviewed,us,us
2018-06-30T04:20:28.140Z,41.3841,-100.1549,5,4.1,mb,,23,1.35,0.75,us,us2000frxi,2018-07-14T13:30:03.683Z,"31km ESE of Stapleton, Nebraska",earthquake,3.7,1.9,0.064,66,reviewed,us,us
2018-06-29T15:53:50.470Z,31.6628,-104.4689,5,2.9,mb_lg,,66,0.59,1.16,us,us2000frfq,2018-06-29T17:14:30.040Z,"77km NNE of Van Horn, Texas",earthquake,1.3,2,0.089,49,reviewed,us,us
2018-06-29T12:29:29.370Z,35.4005,-98.1165,5,3,mb_lg,,41,0.185,0.52,us,us2000fr8f,2018-06-30T06:35:38.390Z,"15km W of Union City, Oklahoma",earthquake,0.9,1.9,0.056,84,reviewed,us,us
2018-06-29T12:11:13.240Z,37.0976667,-119.2353333,35.65,2.6,md,28,157,0.2352,0.07,nc,nc73037606,2018-06-29T22:58:02.749Z,"7km E of Shaver Lake, CA",earthquake,0.98,0.81,0.16,33,reviewed,nc,nc
2018-06-28T23:49:11.100Z,38.8331667,-122.8018333,1.42,3.22,ml,78,29,0.01039,0.05,nc,nc73037206,2018-07-10T04:14:50.040Z,"7km W of Cobb, CA",earthquake,0.09,0.12,0.23,52,reviewed,nc,nc
2018-06-28T23:37:30.120Z,31.1924,-103.3209,5,2.7,mb_lg,,56,0.271,1.07,us,us2000fqqz,2018-07-10T04:12:06.040Z,"30km SSE of Pecos, Texas",earthquake,1,1.8,0.089,41,reviewed,us,us
2018-06-28T06:51:40.740Z,31.3956,-103.4838,2.17,2.7,ml,,58,0.328,0.56,us,us2000fpxp,2018-06-29T13:06:41.529Z,"3km SSE of Pecos, Texas",earthquake,5.6,3.7,0.097,58,reviewed,us,us
2018-06-28T03:42:12.070Z,31.432,-103.4706,7.06,2.5,ml,,56,0.304,0.59,us,us2000fptx,2018-06-28T12:48:30.672Z,"2km ENE of Pecos, Texas",earthquake,6.7,3.5,0.115,52,reviewed,us,us
2018-06-28T03:16:33.900Z,31.5868,-104.496,16.75,2.6,ml,,69,0.579,0.67,us,us2000fptb,2018-06-30T03:22:48.518Z,"68km NNE of Van Horn, Texas",earthquake,2.6,8.3,0.128,22,reviewed,us,us
2018-06-27T14:04:25.230Z,37.2998,-97.4185,5,3.2,mb_lg,,98,0.228,0.26,us,us1000f3bb,2018-07-13T12:09:13.617Z,"5km NW of Wellington, Kansas",earthquake,1.6,2,0.044,134,reviewed,us,us
2018-06-27T06:58:19.570Z,40.4751667,-124.9228333,23.82,2.67,md,40,254,0.4465,0.21,nc,nc73036581,2018-06-28T00:19:03.344Z,"56km WNW of Petrolia, CA",earthquake,1.13,11.15,0.212,32,reviewed,nc,nc
2018-06-27T01:22:01.210Z,34.0271667,-117.2306667,16.74,2.63,ml,143,15,0.02746,0.16,ci,ci37270234,2018-07-02T09:25:08.846Z,"4km SE of Loma Linda, CA",earthquake,0.1,0.2,0.163,159,reviewed,ci,ci
2018-06-26T19:48:13.600Z,36.7602,-98.0665,6.823,2.5,ml,,52,,0.28,us,us1000f2kf,2018-06-27T19:30:58.040Z,"25km E of Cherokee, Oklahoma",earthquake,1,6.8,,,reviewed,tul,tul
2018-06-26T18:45:42.400Z,34.9856,-97.539,3.409,2.8,ml,,29,,0.81,us,us1000f2i5,2018-06-29T12:50:34.760Z,"16km W of Purcell, Oklahoma",earthquake,1.3,2.9,,,reviewed,tul,tul
2018-06-26T12:10:52.600Z,36.5476667,-121.0728333,7.54,2.6,md,58,69,0.04078,0.09,nc,nc73036191,2018-06-27T01:16:02.725Z,"6km ENE of Pinnacles, CA",earthquake,0.12,0.25,0.207,84,reviewed,nc,nc
2018-06-26T07:39:00.900Z,39.7085,-110.7126667,-2.51,2.77,ml,25,49,0.03168,0.15,uu,uu60286752,2018-07-10T06:48:25.040Z,"12km ENE of Helper, Utah",earthquake,0.28,1,0.165,22,reviewed,uu,uu
2018-06-26T07:04:20.600Z,39.3241667,-120.1405,5.46,2.57,md,22,62,0.1423,0.06,nc,nc73036051,2018-06-28T10:38:33.850Z,"4km E of Truckee, CA",earthquake,0.18,0.77,0.251,22,reviewed,nc,nc
2018-06-26T03:55:09.570Z,36.1758,-106.9132,5,3,ml,,94,1.282,0.52,us,us1000f1x7,2018-06-28T02:15:19.465Z,"17km NNE of Cuba, New Mexico",earthquake,1.5,2,0.048,56,reviewed,us,us
2018-06-25T12:06:43.810Z,35.5185,-118.5805,-0.88,2.64,ml,47,50,0.1681,0.17,ci,ci37269066,2018-06-25T22:20:39.163Z,"11km SW of Bodfish, CA",earthquake,0.19,0.38,0.271,27,reviewed,ci,ci
2018-06-25T05:14:23.740Z,46.9133333,-112.538,12.4,2.84,ml,22,116,0.091,0.21,mb,mb80299269,2018-06-25T13:28:12.190Z,"11km ESE of Lincoln, Montana",earthquake,0.46,0.55,0.293,19,reviewed,mb,mb
2018-06-24T07:47:10.530Z,33.6408333,-116.7308333,13.5,2.95,ml,140,16,0.0546,0.19,ci,ci37268338,2018-07-05T16:14:29.273Z,"11km NNW of Anza, CA",earthquake,0.09,0.19,0.128,213,reviewed,ci,ci
2018-06-23T20:59:41.490Z,36.7563333,-121.2611667,10.24,2.84,md,67,74,0.0742,0.09,nc,nc73035021,2018-06-25T19:33:03.715Z,"6km SE of Tres Pinos, CA",earthquake,0.15,0.29,0.158,103,reviewed,nc,nc
2018-06-23T18:12:48.300Z,36.7585,-98.0675,7.175,2.7,ml,,52,,0.41,us,us1000ezqi,2018-06-26T13:49:06.040Z,"25km E of Cherokee, Oklahoma",earthquake,1.5,4.8,,,reviewed,tul,tul
2018-06-23T04:50:46.760Z,36.463,-121.0016667,8.73,3.06,ml,69,99,0.04074,0.08,nc,nc73034736,2018-06-26T23:11:26.040Z,"15km ESE of Pinnacles, CA",earthquake,0.15,0.29,0.118,34,reviewed,nc,nc
2018-06-22T23:38:20.000Z,36.6684,-98.7615,6.545,3,ml,,80,,0.43,us,us1000ez6e,2018-06-25T22:39:58.040Z,"17km SSW of Alva, Oklahoma",earthquake,2.6,6.3,,,reviewed,tul,tul
2018-06-22T22:59:01.830Z,37.3756667,-121.729,7.13,2.56,md,122,32,0.03188,0.12,nc,nc73034586,2018-06-28T23:25:31.916Z,"9km E of Alum Rock, CA",earthquake,0.1,0.23,0.148,95,reviewed,nc,nc
2018-06-22T07:46:42.460Z,37.9865,-121.7273333,7.42,2.71,md,77,38,0.0387,0.21,nc,nc73034211,2018-06-23T03:41:25.582Z,"2km SW of Oakley, CA",earthquake,0.17,0.47,0.173,95,reviewed,nc,nc
2018-06-22T07:41:42.480Z,37.9911667,-121.7205,10.4,3.24,mw,188,37,0.03628,0.23,nc,nc73034206,2018-07-07T12:36:01.040Z,"1km SW of Oakley, CA",earthquake,0.12,0.29,,3,reviewed,nc,nc
2018-06-22T03:29:54.990Z,36.1034,-97.8402,5.16,3.3,mb_lg,,29,0.12,0.21,us,us1000ey9c,2018-06-27T13:24:20.743Z,"5km E of Hennessey, Oklahoma",earthquake,1,1.8,0.046,125,reviewed,us,us
2018-06-21T18:05:46.980Z,40.9015,-123.4753333,28,2.73,ml,53,51,0.1969,0.1,nc,nc73033931,2018-06-22T01:18:03.369Z,"14km ESE of Willow Creek, CA",earthquake,0.22,0.85,0.13,16,reviewed,nc,nc
2018-06-21T14:03:12.840Z,38.7751667,-122.7136667,1.25,2.96,md,72,32,0.003376,0.09,nc,nc73033796,2018-06-22T16:20:34.753Z,"2km W of Anderson Springs, CA",earthquake,0.12,0.12,0.225,73,reviewed,nc,nc
2018-06-21T06:29:16.680Z,38.8115,-122.7815,0.3,2.73,md,41,53,0.001868,0.06,nc,nc73033511,2018-06-22T02:04:03.608Z,"4km NNW of The Geysers, CA",earthquake,0.12,0.13,0.145,3,reviewed,nc,nc
2018-06-21T06:28:56.650Z,38.8088333,-122.7815,0.09,2.94,md,74,21,0.004465,0.05,nc,nc73033506,2018-06-21T20:48:03.285Z,"4km NNW of The Geysers, CA",earthquake,0.07,0.14,0.206,68,reviewed,nc,nc
2018-06-20T17:32:03.900Z,36.2449,-98.9178,4.292,2.6,ml,,100,,0.53,us,us1000ewnj,2018-07-02T21:56:24.040Z,"23km N of Taloga, Oklahoma",earthquake,2.2,4.5,,,reviewed,tul,tul
2018-06-20T16:15:09.000Z,45.7806,-74.2374,16.19,2.6,mb_lg,,69,0.488,1.03,us,us1000f02s,2018-06-24T21:22:16.040Z,"12km SSW of Saint-Sauveur, Canada",earthquake,1.2,6.4,0.083,38,reviewed,us,us
2018-06-20T08:11:47.860Z,32.6068333,-117.5406667,17.8,3.46,ml,55,183,0.2891,0.18,ci,ci38201312,2018-06-24T14:34:50.545Z,"35km WSW of Coronado, CA",earthquake,0.37,0.6,0.147,322,reviewed,ci,ci
2018-06-20T01:20:32.260Z,34.9466667,-116.7413333,4.43,3.32,ml,39,48,0.1573,0.14,ci,ci38201136,2018-06-21T01:27:16.040Z,"26km ENE of Barstow, CA",earthquake,0.12,0.73,0.133,319,reviewed,ci,ci
2018-06-19T16:33:48.500Z,36.8228,-97.7347,7.999,2.6,ml,,39,,0.53,us,us1000evm4,2018-06-27T18:25:01.040Z,"1km N of Medford, Oklahoma",earthquake,0.8,6.3,,,reviewed,tul,tul
2018-06-19T16:20:12.980Z,37.2688333,-119.836,9.38,2.58,md,27,84,0.2947,0.13,nc,nc73032601,2018-06-28T01:45:03.987Z,"10km NNW of Yosemite Lakes, CA",earthquake,0.41,0.82,0.19,64,reviewed,nc,nc
2018-06-19T16:00:38.600Z,36.2788,-97.5072,8.366,3.8,ml,,25,,0.15,us,us1000evlh,2018-06-27T16:43:04.968Z,"19km W of Perry, Oklahoma",earthquake,1.4,10.1,,,reviewed,tul,tul
2018-06-19T15:58:09.800Z,35.3674,-98.0687,6.614,3.1,ml,,117,,0.5,us,us1000evle,2018-06-27T16:34:08.196Z,"11km WSW of Union City, Oklahoma",earthquake,1.8,4.2,,,reviewed,tul,tul
2018-06-19T07:15:35.070Z,38.142,-112.5708333,9.64,3.12,ml,30,43,0.1453,0.15,uu,uu60286212,2018-06-29T06:46:21.040Z,"16km SSE of Beaver, Utah",earthquake,0.24,0.61,0.157,21,reviewed,uu,uu
2018-06-18T22:21:22.930Z,37.3495,-97.973,5,3.1,mb_lg,,90,0.055,0.45,us,us1000euy3,2018-06-27T03:03:12.038Z,"8km NE of Harper, Kansas",earthquake,1.5,1.4,0.051,99,reviewed,us,us
2018-06-18T22:03:08.200Z,35.3578,-98.0649,7.362,2.5,ml,,140,,0.57,us,us1000evj0,2018-06-21T01:02:13.040Z,"11km WSW of Union City, Oklahoma",earthquake,1.6,3.8,,,reviewed,tul,tul
2018-06-18T21:00:30.300Z,35.3628,-98.0694,7.699,2.7,ml,,92,,0.6,us,us1000euvh,2018-06-22T16:39:20.474Z,"12km WSW of Union City, Oklahoma",earthquake,1.3,3.4,,,reviewed,tul,tul
2018-06-18T20:03:40.440Z,35.037,-119.0458333,9.85,2.63,ml,47,59,0.1442,0.24,ci,ci38200128,2018-06-20T14:35:46.240Z,"15km NW of Grapevine, CA",earthquake,0.21,0.6,0.216,67,reviewed,ci,ci
2018-06-18T10:12:01.900Z,36.0761,-97.5535,5.955,2.6,ml,,23,,0.26,us,us1000eudm,2018-06-27T09:54:44.040Z,"14km NNE of Crescent, Oklahoma",earthquake,0.9,4.8,,,reviewed,tul,tul
2018-06-17T23:20:54.240Z,33.131,-115.6235,4.7,2.92,ml,68,41,0.03768,0.27,ci,ci38199592,2018-06-18T23:13:50.040Z,"10km W of Calipatria, CA",earthquake,0.2,0.45,0.153,95,reviewed,ci,ci
2018-06-17T18:36:19.110Z,33.1323333,-115.622,4.28,2.52,ml,32,51,0.03685,0.17,ci,ci38199376,2018-06-19T18:50:52.084Z,"10km W of Calipatria, CA",earthquake,0.17,0.39,0.122,8,reviewed,ci,ci
2018-06-17T18:34:58.810Z,33.1351667,-115.6273333,5.15,3.63,mw,108,40,0.04199,0.27,ci,ci38199368,2018-07-14T19:02:55.040Z,"11km W of Calipatria, CA",earthquake,0.16,0.38,,4,reviewed,ci,ci
2018-06-17T12:50:23.850Z,36.1081667,-89.7526667,9.18,2.69,md,46,32,0.04269,0.09,nm,nm60205687,2018-06-22T10:56:07.040Z,"7km ENE of Steele, Missouri",earthquake,0.16,0.37,0.111,35,reviewed,nm,nm
2018-06-17T09:20:39.270Z,35.9075,-120.4911667,-0.63,2.56,md,67,36,0.0292,0.17,nc,nc73031566,2018-06-19T08:49:01.606Z,"6km W of Parkfield, CA",earthquake,0.17,0.81,0.179,44,reviewed,nc,nc
2018-06-17T06:16:15.400Z,36.0677,-97.5723,6.252,3.3,ml,,22,,0.17,us,us1000etmd,2018-07-14T05:35:32.889Z,"12km N of Crescent, Oklahoma",earthquake,1.1,1.5,,,reviewed,tul,tul
2018-06-17T03:40:23.830Z,32.2948333,-115.2593333,17.02,2.57,ml,24,121,0.1302,0.25,ci,ci38199056,2018-06-18T20:27:57.190Z,"9km SW of Delta, B.C., MX",earthquake,0.49,1.19,0.265,45,reviewed,ci,ci
2018-06-17T00:34:30.700Z,40.3541667,-124.6995,18.14,2.75,md,34,241,0.3018,0.07,nc,nc73031456,2018-06-18T19:52:02.480Z,"35km W of Petrolia, CA",earthquake,0.48,0.49,0.198,36,reviewed,nc,nc
2018-06-17T00:14:14.610Z,33.5003333,-116.8055,4.48,2.6,ml,133,26,0.08635,0.22,ci,ci38198968,2018-06-18T18:13:08.880Z,"8km NE of Aguanga, CA",earthquake,0.1,0.38,0.147,133,reviewed,ci,ci
